{"stats":{"minecraft:mined":{"minecraft:grass_block":1},"minecraft:custom":{"minecraft:jump":38,"minecraft:open_chest":2,"minecraft:time_since_rest":1505,"minecraft:leave_game":1,"minecraft:sprint_one_cm":2953,"minecraft:play_time":1505,"minecraft:damage_taken":20,"minecraft:time_since_death":1505,"minecraft:walk_one_cm":1100,"minecraft:total_world_time":1505,"minecraft:fall_one_cm":1925,"minecraft:fly_one_cm":9918},"minecraft:used":{"minecraft:dirt":1},"minecraft:picked_up":{"minecraft:dirt":1}},"DataVersion":3953}