{"stats":{"minecraft:custom":{"minecraft:jump":39,"minecraft:open_chest":2,"minecraft:time_since_rest":15233,"minecraft:leave_game":1,"minecraft:play_time":15233,"minecraft:sprint_one_cm":2953,"minecraft:damage_taken":20,"minecraft:time_since_death":15233,"minecraft:walk_one_cm":1100,"minecraft:sneak_time":85,"minecraft:total_world_time":15233,"minecraft:fall_one_cm":1925,"minecraft:fly_one_cm":9918},"minecraft:picked_up":{"minecraft:dirt":1},"minecraft:mined":{"minecraft:grass_block":1},"minecraft:used":{"minecraft:dirt":1}},"DataVersion":3953}